model,precision,recall,f1,roc_auc,pr_auc,selected_by_business_rule
LightGBM,0.7126436781609196,0.6138613861386139,0.6595744680851063,0.9389085697560582,0.7339697174253914,True
RandomForest,0.7647058823529411,0.5148514851485149,0.6153846153846154,0.947931490396746,0.7266282743163432,False
LogisticRegression,0.4131455399061033,0.8712871287128713,0.5605095541401274,0.9505152350097394,0.7301277567980958,False
